N;wb;ESUN
4;0.220943613;1536
5;0.143411968;997
