Bands;Grescale;Brescale;ESUN;wb
4;0.969291;-6.07;1039;0.155151045
5;0.12622;-1.13;230.8;0.034464736
