Bands;Grescale;Brescale;ESUN;wb
4;0.876024;-2.39;1031;0.155050651
5;0.120354;-0.49;220;0.033085493
